MAE,MSE,R2
221299.65450519213,65944863749.886475,-0.03541932262022818
